"id","question_text","description"
1,"PHPの動作として正しいものを選択してください。","PHPの特徴に関する問題です。
PHPは、プログラムをコンパイルせずに実行するスクリプト言語です（C）。また、動的なWebページの生成が可能なため、HTMLに埋め込み、Webアプリケーションの開発に利用することができます（D）。

PHPはWebサーバで実行されることから、サーバサイドスクリプト言語といわれｔれいます（Ａ）。これに対して、JavaScriptのような言語はWebクライアントで実行されるためクライアントサイドと呼ばれ、Webブラウザに新しいウィンドウをポップアップさせる機能などをもちます（Ｂ）。"
2,"PHPの特徴として誤っているものを選択してください。","PHPの特徴に関する問題です。
PHPを使用する際に、ライセンス料はかかりません（A）。
PHPは、ほとんどのLinuxディストリビューションに同梱されています（B）。インストールされていなかったり、ほかのOSを利用したりする場合は、PHPをダウンロードして利用することができます。
PHPはオープンソースです。ソースコードが公開されているため、誰でもPHPの内部を見ることができます（C）。
またPHPは、SQLiteをはじめPostgreSQL、MySQL、Oracle Database、Microsoft SQL Serverのほか、多くのデータベースをサポートしています（D）。"
3,"PHPの実行環境の説明として正しいものを選択してください。","PHPの動作環境に関する問題です。
PHPはクロスプラットフォームに対応しているので、Windows、macOS、Linux、Solaris、あらゆるバージョンのUNIX環境すべてで使用することができます（D）。"
4,"PHPが動作するWebサーバの説明として正しいものを選択してください。","PHPの動作環境に関する問題です。
Webサーバとして最も人気があるのはApacheですが、Microsoft Internet Information Services（IIS）や、その他、CGI規格をサポートするWebサーバであれば使用することができます（C）。
CGI規格をサポートするWebサーバを使用することにより、Webサーバで実行されたプログラムの処理結果に基づいた動的なWebページの生成が可能です。"
5,"PHPの開始と修了を表すタグの組み合わせとしいて正しいものを選択してください。","PHPの記述法に関する問題です。"
6,"PHPの記述方法として正しいものを選択してください。","PHPの記述法に関する問題です。
行コメントは、コメントを指定する記号以降をコメントとして処理できるため、PHPプログラムと同じ行の行末に記述することができます（C）。

プログラムの可読性を高めるために、文と文の間に空行を挿入することができます。PHPでは、空行は無視されるため、入れても入れなくても実行結果に影響はありませんが、入れすぎると可読性を低下させます（A）。
PHPプログラムの文末には、終了を表すセミコロン「;」を記述します（B）。
コメントは、プログラムの動作を説明する手法です。後でプログラムを修正する際に役立つので、できるだけ多くのコメントを記述することが望ましいといえます（D）。"
7,"PHPのコメントの説明として誤っているものを選択してください。","コメントに関する問題です。
PHPでは、コメントを記述する際、複数行コメントは「/*」と「*/」で囲みます（A）。行コメントは「#」または「//」以降に記述することができます（C、D）。
コメントは、プログラムの説明を記述するほか、一時的にプログラムの一部を無効にする際にも利用します。
「&lt;!--」と「--&gt;」は、HTMLのコメントを記述する際に利用します（B）。"
8,"print number_format(12345); と同様の処理をするプログラムとして誤っているものを選択してください。","大文字と小文字の区別に関する問題です。
PHPでは、言語のキーワード（printなど）と関数名の大文字と小文字は区別する必要はありません（A）。また、大文字と小文字が混在している場合でも区別なく処理することができます（B）。これば、どのプラットフォームでも共通です。
ただし、変数名の大文字と小文字は区別する必要があります（C、D）。"
9,"PHPで利用できるホワイトスペースの組み合わせとして最も適切なものを選択してください。","ホワイトスペースに関する問題です。
ホワイトスペースとは、半角スペースやタブのように空白に見える文字や、改行や空行のように目に見えない文字を指します（D）。

PHPでは、複数の文を続けて記述することも、文と文との間に好きなだけ空行を入れることも可能です。文と文の間にあるホワイトスペースは無視されるため、いくらホワイトスペースがあってもプログラムの実行には影響しません。
プログラム中に適度なホワイトスペースを入れることでプログラム全体の可読性を高めることができますが、多用しすぎるとかえって見づらくなります。
なお、全角スペースは、ホワイトスペースとはみなされません。"
10,"変数名の前に付ける記号として正しいものを選択してください。","変数の指定に関する問題です。
変数とは、プログラムが動作する際に使用する値を保存する箱のようなものです。変数を管理するために付ける名前を変数名と呼び、変数名の前に「$」を付けて変数を表します（C）。
「%」は剰余算に使用する記号で、割り算の余りを求める際に利用します（A）。「#」はコメントを記述する際に使用する記号です（B）。"
11,"単一引用符と二重引用符の違いの説明として正しいものを選択してください。","文字列のエスケープに関する問題です。
PHPのプログラム内で文字列を指定する場合は、単一引用符「&#039; &#039;」、または二重引用符「&quot; &quot;」を使用します。文字列を指定するという役割は同じですが、囲んだ文字列の中に特殊文字が含まれている際の動作が異なります。

二重引用符で囲まれた特殊文字は、その特殊文字が意味する値に置き換わりますが、単一引用符で囲まれた特殊文字は値に置き換わることなく、そのまま文字列として扱われます。
さらに、二重引用符で囲まれた変数名は、変数が値に置き換えられた文字列となりますが、単一引用符では値に置き換わらず、そのまま変数名として利用されます（C）。

OSによって動作が違うということはありません（A、B）。"
12,"床に落とした食べ物でも「すぐに拾えば大丈夫」というような意味で「3秒ルール」という言葉を使う人がいます。

実際には落ちて何秒までなら拾って食べても大丈夫でしょうか？","床に食べ物を落とした場合、落とした時点でそれは食べない方が良いです。

アメリカでは日本で言う3秒ルールと同じように、5秒までなら良いと言われていました。そんなアメリカで床に食べ物を落とした場合、どの程度の時間で菌がつくか実験が行われました。

結果は、時間が5秒でも、30秒でも、60秒でも同程度の数の多くの菌が付着したというものでした。勿体ないかもしれませんが、3秒ルールは止めた方が良いでしょう。
"
13,"お茶漬けの素に入っている「あられ」には、何の意味があるでしょうか？","お茶漬けの素に入っているあられは、湿気予防のために入れられました。

お茶漬けの素は、現在でこそ密封する技術がありますが、販売開始当初はそうはいきません。

すぐに湿気ってしまうという課題がありました。そこで、湿気を吸って乾燥材の役割を果たしてくれるあられを入れるようになったのが始まりです。"
14,"「シルバー人材センター」など、高齢者を表す色というイメージがある「銀（シルバー）」。
高齢者を指す言葉として定着した由来は何でしょうか？","高齢者を指す言葉として、「シルバー」が定着した由来は、優先席です。

1973年（昭和48年）9月15日の敬老の日、JR（当時は国鉄）が高齢者のために車内に優先席を設置しました。

その時に一目で他の座席と違うことが分かるようにと設置した座席の色が銀色（シルバー）でした。

これは狙って選んだわけではなく、在庫として十分に確保できる座席がたまたま銀色というだけではありましたが、このことから「高齢者＝シルバー」が全国に広がっていきました。"
15,"金色の折り紙は、銀色の折り紙にある色を塗ることで作られます。
その色はなんでしょうか？","折り紙は通常、白い紙に赤や青などのインクを塗って色をつけています。

しかし、金と銀の折り紙はそれらとは別の工場で作られており、紙にアルミ箔を貼った物が銀の折り紙です。

金の折り紙の場合はそうして出来た銀の折り紙の上にオレンジ色のインクを塗ることで完成します。

実際に銀の折り紙にオレンジ色のマジックで色を塗ると金になります。"
16,"ある高級ブランドがサッカーボールを作ったことがあります。
どのブランドでしょうか？","サッカーボールを作ったことがある高級ブランドは、ルイヴィトンです。

1998年（平成10年）のフランス・ワールドカップ開催を記念して、3000個限定で販売されたものです。

誰もが知っている白黒ではなく、あのルイヴィトンの柄のサッカーボールです。現在ではインターネット上で20万円～30万円程で取引されています。

また、ルイヴィトンはワールドカップのトロフィーを入れるケースも作ったことがあります。"
17,"ことわざの「急がば回れ」の語源となったのはどこでしょうか？","ことわざの「急がば回れ」の語源となったのは、琵琶湖です。

新幹線や自動車などが無い時代、旅人が京都に行くためには「琵琶湖を船で渡る」「琵琶湖の周りをぐるりと回る」かの2つの手段がありました。

単純な時間だけ見れば船で渡った方が早いのですが、比叡山から吹き降ろす突風によって船が転覆する危険がありました。

よって、「距離は長くても安全なルートを選んだ方が良い」ということから、このことわざが生まれました。"
18,"「地震、雷、火事、親父」と怖いものを順に並べた言葉があります。
この「親父」は元々自然災害を表していたという説がありますが、それは一体何でしょうか？","地震雷火事親父の親父は、台風のことだったという説があります。

江戸時代には「台風」という言葉はありませんでしたが、「大山嵐（おおやまじ）」という言葉があり、これは現在で言う台風を表していました。

それが変化して「親父」になったという説があります。

とは言え、これはあくまで説の1つに過ぎず、明確な文献などは発見には至っていません。"
19,"かぐや姫の原作である「竹取物語」の作者は誰でしょうか？","竹取物語の作者は、不明です。
しかし、「当時の識字率」「当時貴重な紙を手に入れることができていたこと」「作者には和歌の才能もあったこと」などから上流階級の人物であったのは間違いないとされています。
作者である可能性があるとされる人物として紀貫之、菅原道真などの名前が挙がりますが、はっきりしたことは分かっていません。"
20,"江戸時代には、身分が高い女性があることをしてしまった際に、「私がやりました」と身代わりになる人がいました。
何の身代わりだったでしょうか？","江戸時代には、身分が高い女性がおならをしてしまった際に身代わりとなる「屁負比丘尼（へおいびくに）」という職業がありました。

江戸時代は、現代以上に人前でおならをするのが恥ずかしいことであり、見合いの席でおならをしてしまった恥ずかしさから自ら命を絶ってしまった女性がいた程です。

屁負比丘尼は、普段は身分の高い女性の傍で雑用などをこなす使用人のようなことをしており、いざその時が来たらおならの身代わりとなる役割がありました。"
21,"靴の一種、「ローファー」には英語でどんな意味があるでしょうか？","ローファーには、英語で「怠け者」という意味があります。

紐靴が当たり前であった中で登場した、「靴紐を結ばずに履くことができる楽な靴」は「怠け者の靴である」ということから来ていると言われています。"
22,"明治時代の自転車の価格は、現在で言えば何円くらいでしょうか？","明治30年（1897年）頃、アメリカ製の自転車が200～250円ほどで売られていました。

現在の価格に換算すると約400万円であり、かなり高価な品であったことが分かります。"
23,"明治時代、女性たちの間で写真を撮る際に流行したポーズはなんでしょうか？","当時の美的感覚として「手が小さい女性が綺麗である」というものがありました。

また、「写真に手が写ると手が腫れる」という迷信もあったようです。

それらの理由から、明治時代の女性は手を袖で隠して写真に写ることが多くありました。"
24,"明治時代、「アイス」と呼ばれていたのはどんな人たちでしょうか？","「高利貸（こうりがし）」は法外な金利でお金を貸す人のことであり、分かりやすく言えば「闇金」のような存在です。

アイスクリームが「氷菓子（こおりがし）」と呼ばれていたことから、言葉遊びのような感覚で「高利貸」のことを「アイス」と呼ぶようになりました。

明治20年代頃から使われている表現でしたが、1897年（明治30年）から1902年（明治35年）まで読売新聞で掲載された尾崎紅葉の小説「金色夜叉」の作中でその表現が用いられたことで更に広まって行ったとされています。"
25,"次のうち、明治時代の学校教育にも取り入れられていたものは何でしょうか？","明治時代の幼稚園や小学校では、教育の一環として折り紙の授業が行われていました。

当時の折り紙は儀礼に用いられるものでもあったことから、高等女学校や女子師範学校では作法として「儀礼折り紙」を教えていました。"
26,"明治時代に「文明開化の七つ道具」と呼ばれたものがあり、その中に１つだけ食べ物が入っていました。
それはなんでしょうか？","「文明開化の七つ道具」は資料によって若干異なることもあるようですが一般的には…

郵便・瓦斯灯・蒸気船・写真・軽気球・陸蒸気、そして7つ目としてあんパンが挙げられます。

あんパンは明治時代に誕生し、明治天皇に献上された品でもありました。"
27,"「（　　　）頭をたたいてみれば、文明開化の音がする」。

この空白に当てはまる言葉はなんでしょうか？","「散切り頭をたたいてみれば、文明開化の音がする」とは、明治時代初期に流行った歌の一節です。

歴史の教科書にも載っているため、見覚えがある人も多いのではないでしょうか。

「散切り頭」とは、ちょんまげを辞めて後ろ髪を短く切り揃えた髪形を指します。

1871年（明治4年）に明治政府は「散髪脱刀令（さんぱつだっとうれい）」を布告しました。これは「ちょんまげを結わなくても良いし、帯刀する必要もない」という内容でした。

それをきっかけに「散切り頭」が徐々に一般的に広がっていきました。"
28,"明治時代、洋犬（西洋の犬）は何と呼ばれていたでしょうか？","明治時代、洋犬は「カメ」と呼ばれていました。

外国人が犬を呼ぶ「come」という言葉が当時の日本人には「カメ」と聞こえたことから来ていると言われています。

犬の名前の定番が「ポチ」になったのも丁度その頃からです。

これも英語で「まだら」を意味する「patch（パッチ）」・フランス語で「小さい」を意味する「petit（プチ）」などを聞き間違えたのがきっかけと言われています。

それまでは「シロ」「クロ」「ブチ」などが犬の名前の定番でした。"
29,"明治時代の人たちは、最初は牛乳に対して偏見を持っていました。

それはどんなものだと言われているでしょうか？","牛乳が普及し始めたのは1871年（明治4年）頃のことです。

「赤ちゃんに飲ませると健康に育つ」という売り文句でしたが、当時はまだ牛乳の栄養に関する知識までは普及していませんでした。

「牛乳＝牛の赤ちゃんだけが飲むもの」という考えが強かったのです。

そのため「牛乳を飲んで育った赤ちゃんは成長しても2足歩行ができず、牛みたいに四つん這いで歩くようになる」といった偏見を持たれてしまっていました。"
30,"夏目漱石は猫を飼っていました。

その猫の名前はなんでしょうか？","夏目漱石の代表作の1つ「吾輩は猫である」の一文に、「吾輩は猫である。名前は、まだ無い。」というものがあります。

その猫は、夏目漱石が実際に飼っていた猫がモデルだと言われています。

何度追い返しても自宅に出入りするようになった野良猫を飼うことにした彼ですが、特に名前を付けることはなく「猫」と呼んでいました。

だから「名前は、まだ無い」ということなのでしょう。"
31,"明治時代初期には黒い郵便ポストが使われていましたが、途中から赤色に変わりました。

その理由はなんでしょうか？","明治時代、最初に作られたポストは色が塗られていない木の箱でした。その頃は「書状集箱」と呼ばれていました。

明治5年頃になると、まだ木製ではありますが黒く塗られた郵便ポストが登場します。

しかし、夜になると黒だと見づらいことから明治30年代になるとイギリスの郵便ポストを参考にして赤くて丸みのある鉄製の郵便ポストが作られました。"
32,"情報セキュリティの対応に関する記述のうち、情報セキュリティの要素の一つである「機密性」を直接的に高める具体的な例はどれか。","イは「完全性」を高める例であり、ウ及びエは「可用性」を高める例である。"
33,"以下の文章を読み、（　　）に当てはまる最も適切なものを、選択肢（ア～エ）から１つ選びなさい。","CPOとは、個人情報取扱事業者において、個人データの安全管理の実施及び運用に関する責任及び権限を有する者として任命される、個人情報保護管理者のことである。"
34,"「不正アクセス行為の禁止等に関する法律」（不正アクセス禁止法）における「不正アクセス行為を助長する行為」に該当する行為はどれか。","コンピュータプログラムの不備をついて、アクセスを試みる行為や、電子メールによりユーザID・パスワードなどを詐取しようとする行為（フィッシングなどを想定）は、「不正アクセス行為」に該当する。また、スタンドアロン（ネットワーク回線に接続されていない）コンピュータに対する不正使用等は、「不正アクセス行為」及び「不正アクセス行為を助長する行為」には該当しない。"
35,"以下の文章を読み、（　　）内のそれぞれに入る最も適切な語句の組合せを、選択肢（ア～エ）から１つ選びなさい。

JIS Q 27000:2019において、「リスク」は「（　　　）」と定義されている。","JIS Q 27000:2019において、「リスク」は「目的に対する不確かさの影響」と定義されている。
なお、イは「ぜい弱性」、ウは「脅威」、エは「事象」の定義である。"
36,"以下の文章は、モバイル機器利用に関する脅威に関する知識を述べたものである。正しい場合には○、誤っている場合には×としなさい。

スマートフォンは、購入時にインストールされているアプリのみを利用していれば、ウイルス感染などの脅威は発生しない。また、これらのアプリは極めて安全性が高いため、アップデートの通知があった際は、すぐにアップデートを実施しなくても、暫くの間は安全性が保たれるようになっている。","スマートフォンは、購入時にインストールされているアプリのみを利用していたとしても、メールに記載されている不正なWebサイトのURLをクリックしたり、不正なWebサイトからデータをダウンロードすることなどにより、ウイルス感染などの脅威が発生する。なお、これらのアプリは、ベンダーなどが提供していないアプリと比較すると安全性が高いといえるが、アップデートの通知があった際は、適宜アップデートを実施しないと、正常に動作しなくなる場合もあり、ウイルス感染などの被害にあいやすくなる。"
37,"以下の文章を読み、（　　）内のそれぞれに入る最も適切な語句の組合せを、選択肢（ア～エ）から１つ選びなさい。

（　ａ　）とは、企業で利用されるスマートフォンやタブレットなどのモバイル機器に関して、システム設定などを統合的に効率よく管理する手法のことである。また、そのために利用するソフトウェアや情報システムなどを指すこともある。（ａ）の機能の一つである（　ｂ　）は、モバイル機器を遠隔操作によって一括管理し、利用の制限をかけるものである。これによって、機器の紛失や盗難の際に、情報漏えいを防ぐことが可能とな","MDMとは、企業で利用されるスマートフォンやタブレットなどのモバイル機器に関して、システム設定などを統合的に効率よく管理する手法のことである。また、そのために利用するソフトウェアや情報システムなどを指すこともある。MDMの機能の一つであるリモートロックは、モバイル機器を遠隔操作によって一括管理し、利用の制限をかけるものである。これによって、機器の紛失や盗難の際に、情報漏えいを防ぐことが可能となる。また、紛失や盗難に備え、予めローカルワイプの設定をしておくことによって、第三者の不正使用や、情報漏えいを防ぐことが可能となる。ローカルワイプが設定されている機器では、利用者認証やロック解除を連続して一定回数以上失敗した場合、機器内のデータが自動消去される。"
38,"以下の文章は、SNSの利用に関する脅威に関する知識を述べたものである。正しい場合には○、誤っている場合には×としなさい。

ソーシャルメディアにおいて、短縮URLを利用することにより、いわゆる「つぶやき」などでURLを記載する際に文字数を節約できたり、日本語のURLのリンクが途切れないなどのメリットがある。また、短縮URLは、圧縮されているためURLが改ざんされにくく、不正なWebサイトへ転送される危険性が低いため、短縮URLで表示されているサイトは、安全性が高いといえる。
","ソーシャルメディアにおいて、短縮URLを利用することにより、いわゆる「つぶやき」などでURLを記載する際に文字数を節約できたり、日本語のURLのリンクが途切れないなどのメリットがある。ただし、短縮URLは、一見しただけでどのようなWebサイトにリンクされているか判断しにくいことから、この機能を悪用したフィッシング詐欺やワンクリック詐欺などの、不正なサイトに誘導されてしまう場合がある。
なお、短縮URLとは、WebサイトのURLを短く変換し、少ない文字列に圧縮して表示するサービスである。"
39,"企業においてソーシャルメディアを活用する際の対策に関する記述のうち、最も不適切なものはどれか。","ア．適切な記述である。	業務でSNSを利用できる部門を限定し、情報を管理する。例えば、広報部門、商品企画部門、カスタマーサポート部門などに限定する。
イ．適切な記述である。	SNSの利用目的とその範囲を明確化する。例えば、顧客からの問合せに対する返信や、新商品やキャンペーンなどの情報の発信などの業務目的に限定し、それ以外での情報発信を禁止するなどの規定を明確にする。
ウ．適切な記述である。	投稿する内容の検査や精査を、投稿前に行う。例えば、投稿する内容の担当者によるチェックをあらかじめ行い、禁止事項などが含まれていないかの確認を行う。
エ．不適切な記述である。	自社の公式アカウントのフォロワーへの対応を、適切に行う。例えば、フォロワーからのコメントに充分な注意を払い、適切な対応ができるように、担当窓口を明確にする。
なお、従業員の自主性に委ねてしまうと、対応に矛盾が生じたり、対応に一貫性がなくなる危険性が高まる。その場合は、マイナスのイメージをフォロワーに与えることになるので、対応方針や対応ルールを定め、担当窓口を明確にしておく必要がある。"
40,"福岡県は日本のどの地方に属しているでしょうか？","福岡県は九州地方の北部にある件です。

九州には福岡県を含む7つの県がありますが、その中最も人口が多い県となっています。

日本海側に面していますが、一部地域を除き太平洋気候となっているため気候は温暖です。"
41,"福岡県の県庁所在地は次のうちどこでしょうか？","福岡市は福岡県の西部に位置する街です。

人口は161万2392人と多く、全国1741市区町村ある中で5番目に人口が多い市となっています。そのため、九州の中でも行政や経済、交通の中心地となっています。

県庁所在地および政令指定都市として指定を受けています。"
42,"福岡県には政令指定都市が2つあります。

福岡市の他にもう一つはどこでしょうか？","北九州市は福岡県の北部にある件です。

県内では福岡市の次に大きな市として知られ、福岡県で最初の政令指定都市には北九州市で、福岡市は2番目に指定されました。

関門海峡に面している土地柄から、古くは九州地方の玄関として繁栄しました。"
43,"福岡県の観光PRしている明太子をモチーフにした公式キャラクターがいます。

その名前は何でしょうか？","福岡県のＰＲを積極的に行うキャラクター聖徳明太子は、聖徳太子のような帽子をかぶり、左手に笏(しゃく)をもった明太子です。

性格はとても人情深く、紳士的なおっさん・・・だそうです。

「たらこ」と言われることを嫌います。また、聖徳太子のように同時に数人の話を聞くことが出来るそうです。"
44,"福岡県には隣接している県はいくつあるでしょうか？

(※陸地と海域どちらも含む)","福岡県に隣接している県は、佐賀県・熊本県・大分県・山口県・長崎県の5つです。

長崎県と山口県については海上での隣接になります。"
45,"福岡県には「県の花」が制定されていますが、その花はなにでしょうか？","福岡県の花はウメです。昭和29年3月に決められました。

県のマーク(シンボル)もウメの花を象ったものが使用されています。

由来は、太宰府天満宮にある梅からとったと言われています。"
46,"福岡県には旧七帝大(旧帝大)と言われる有名大学があります。

その大学の名前は何でしょうか？","旧七帝大とは、国立大学の「九州大学」「北海道大学」「東北大学」「東京大学」「名古屋大学」「京都大学」「大阪大学」の7つの大学を指します。

簡単に言えば大昔に作られた、エリート養成学校です。"
47,"次のうち福岡県が全国ランキング1位のカテゴリーはどれでしょうか？","福岡県は竹炭の生産量が全国1位となっており、全国シェアは58.6%と世に出回っている国産の竹炭の半数以上が福岡県産となっています。

竹炭は料理にも使えますし、トイレや下駄箱、冷蔵庫など置いて消臭剤としての活用方法もあります。

ちなみに、①と③は共に3位となっています。"
48,"母「早く寝なさい！」息子「しゃーしいわ！」

この会話、息子はなんと言っているでしょうか？","「しゃーしい」は福岡県の福岡市博多区を中心に使われている方言で博多弁です。

最近は若い人は使わない傾向にあるそうですが、まだまだ一般的には使用されています。

意味は「うるさい」。「しゃーしい」は人に対してだけでなく、例えば「この作業しゃーしい（この作業めんどくさい）」といった使い方もするそうです。

「しゃーしい」の強いバーションで「せからしか」という方言もあります。"
49,"福岡県を拠点とするプロ野球チーム「福岡ソフトバンクホークス」のホーム球場の現在の名前は何でしょうか？","福岡市中央区にある福岡ドームは、これまで何度か名前が変わっています。

現在の名称「福岡PayPayドーム」は2019年から使用されている名将です。

ちなみに、①は2005-2013年②は2013-2019年に呼ばれていた歴代の名称です。"
50,"福岡県の人口は次のうちどれでしょうか？","福岡県の人口はおよそ513万です。

47都道府県のうち9番目に多く、九州の中で最も人口が多い県となっています。

しかし、面積は47都道府県のうち29番目とそう広くない為、47都道府県で7番目の人口密度の高さとなっています。"
51,"福岡市にあるランドマークの「福岡タワー」の高さはどのくらいでしょうか？","「福岡タワー」は日本で一番高い海浜タワーとして知られています。

1989年に開催されたアジア太平洋万博に合わせて建設されました。

最上階には展望台が設置してあり、そこから見える福岡市の夜景は大変人気です。"
52,"福岡県太宰府市にある「太宰府天満宮」に祀られている「菅原道真公」は、何の神様として知られているでしょうか？","太宰府天満宮は菅原道真公が祀られている神社です。

「学問・至誠・厄除けの神様」として全国からの観光客が絶えない有名な神社です。

菅原道真公は京都で生まれ、幼少期より学問の才能があったとされます。

その後、学者や政治家として活躍しましたが無実の罪で京都から太宰府に流され、この地で生涯を終えました。"
53,"福岡県には「県の鳥」が制定されていますが、その花は何でしょうか？","福岡県の鳥はウグイスです。昭和39年7月に公募にて決められました。

県の花がウメであることから、公募の過半数がウグイスの記載だったそう。

なぜ、ウメだからウグイスなのか？それは「梅に鶯」という漢詩があり、「絵になる組み合わせ」「仲が良い」といった意味があり、そのため「ウメだからウグイス」となったそうです。"
54,"福岡県には3つの海が面しており、それぞれ〇〇灘と称されています。

「周防灘(すおうなだ)」と「響灘(ひびきなだ)」、あともう一つはなにでしょうか？","福岡県には日本海側に「響灘」「玄界灘」があり、瀬戸内海側には「周防灘」があります。

ちなみに、この「灘(なだ)」とは海流や潮流が速い場所や、風浪が激しい場所で航海が困難な海域を指す言葉として使われています。"
55,"福岡県だけで栽培される苺「あまおう」は、ある言葉の頭文字をとってつけられました。

「あ⇒赤い」「ま⇒丸い」「お⇒大きい」、最後の「う」の言葉は何でしょうか？","「赤い」「丸い」「大きい」「美味い」の頭文字をとって「甘い苺の王様になりますように」という意味も込めて「あまおう」という名前を採用しました。

ちなみに、栃木県のブランド苺「とちおとめ」のライバルとして作られた苺としても有名で

東の「とちおとめ」西の「あまおう」として苺界の「東西の両横綱」とも言われています。

ちなみに、収穫量ランキングは1位が「とちおとめ」、2位が「あまおう」で良きライバル関係にあるようです。"
56,"福岡県の名産品「明太子」は魚卵ですが、何の魚の卵でしょうか？","福岡県の名産品「明太子」は、スケトウダラの魚卵です。

唐辛子をたっぷり使用した調味料で加工して「明太子」となります。

ちなみに、スケトウダラ以外のタラ科の魚卵を使っても「明太子」と名乗ることはできません。

「全国辛子めんたいこ食品公正取引協議会」が定める規約では、「辛子明太子」はすけとうだらの卵巣（卵を含む）に唐辛子を原料とする調味液等で味付けしたものをいう」と記載されています。"
57,"福岡の方言「さんのーがーはい」の意味は、標準語で何でしょうか？","「さんのーがーはい」は標準語で「いっせーのーせ」という意味です。

この方言は福岡では方言と認識していない人も多いそうで、上京して初めて方言だったんだ！と気が付く人も多いそうです。"
58,"福岡県で有名なお祭り「博多どんたく」ですが、「どんたく」の意味は次のうちどれでしょうか？","「どんたく」はオランダ語の「ゾンターク」と言われています。「ゾンターク」は日曜日や休日という意味です。

博多どんたくは福岡市で毎年5月に行われる伝統あるお祭りです。

県内外から観光客が訪れ。毎年約200万人以上の人たちが押し寄せます。明治通りには屋台も出ており美味しいものを食べながらお祭りを楽しめます。"
59,"福岡県のある市に「目尾」と書いて「しゃかのお」と難しい読み方をする地域があります。

その地域とは次のうちどれでしょうか？","「目尾」は、飯塚市にある地域です。

「しゃかのお」という読み方は、1342年の時点で同じ読み方で文書に登場しているため古くから呼ばれている読み方です。"
60,"上司と一緒にどこかへ向かうときの敬語として正しいのはどれでしょうか？","「参る」は謙譲語なので「一緒に参る」では、上司も一緒にへりくだる表現になってしまいます。

また、「お行きになる」は自分に尊敬語を使っていることになるので、正しくありません。"
61,"適切な敬語はどれでしょうか？","「言う」の尊敬語は「おっしゃる」「言われる」です。謙譲語は「申す」「申し上げる」です。"
62,"かかってきた電話は、一般的には何コール以内にとるのが良いとされているでしょうか？","一般的には３コール以内にとるのが良いとされています。

それ以上の場合は「お待たせいたしました」と一言添えると良いでしょう。"
63,"出入口にもっとも近い席は、上座と下座どちらでしょうか？","一般的には、出入口に近いのが下座、出入口に遠いのが上座です。"
64,"タクシーに乗る時に、上座となる席はどこでしょうか？","一般的に、タクシーに乗る時には、運転席の後ろが上座、助手席が下座となります。"
65,"電話相手の名前を聞く時の聞き方として、正しいのはどれでしょうか？","「頂戴」は「もらう」の謙譲語で、名刺などに使うのは正しいですが、名前に対して使うのは適切ではありません。

「申す」は謙譲語なので、相手の行動に対して使う言葉ではありません。

「お名前を教えていただけますか？」「お名前をお伺いしてもよろしいでしょうか？」などの聞き方が良いでしょう。"
66,"取引先相手の会社を表す言葉として間違っているものはどれでしょうか？","「御社」「貴社」は相手の会社に対して使う言葉です。

話し言葉では「御社」、書き言葉では「貴社」を使うのが一般的です。「弊社」は自分の会社を指す、へりくだった表現です。"
67,"上司と一緒に取引先に訪問したとき、手土産は誰から渡すのが良いでしょうか？","手土産は、こちら側の役職の高い人から渡すのが良いでしょう。"
68,"会社に無言電話がかかってきたときは、どの対応が適切でしょうか？","相手の電話の状況で、図らずも無言電話になってしまった可能性もあります。いたずらや、悪意のあるものと決めつけないで対応しましょう。

「お電話が遠く、お声がこちらに届いていないようでございますので、大変申し訳ございませんが、受話器を置かせていただきます。」と告げて、静かに電話を切りましょう。"
69,"社内でお客様を案内するとき、自分はお客様に対してどの位置を歩くのが良いでしょうか？","社内でお客様を案内するときは、自分は2,3歩斜め前を歩くのが基本的なマナーです。"
70,"適切な敬語はどれでしょうか？","１は「ら抜き」言葉なので適切ではありせん。正しくは「水曜日は来られますか？」です。

２は「さ入れ」言葉なので適切ではありません。正しくは「写真を見せてください。」"
71,"コートを着て相手先を訪問したとき、コートを脱ぐタイミングとして適切なのはいつでしょうか？","コートやマフラー、手袋などは玄関に入る前に脱ぐのがマナーです。

着る時も、中ではなく玄関を出てから着るのが良いでしょう。"
72,"お客様を会議室などの部屋に案内するとき、入室する順として正しいのはどれでしょうか？","ドアが内開きか、外開きかで、お客様を部屋に通すときの対応は異なります。

内開きのときは、自分が先に入りドアを押えます。外開きのときは、自分が廊下でドアを押さえてお客様を先に通します。"
73,"上司に対しての挨拶で、不適切なものはどれでしょうか？","「ご苦労様」には、武家社会で主君が家来を労わる、ご苦労であったという言葉が語源になるので、目上の相手には使えません。"
74,"仕事をスムーズに進めるために使われる「ホウレンソウ」とは、何を略した言葉でしょうか？","ホウ（報告）レン（連絡）ソウ（相談）は仕事を潤滑に行うためにとても大切です。"
75,"お客様にお茶を出すとき、相手から見てどの方向から出すのが一般的なマナーでしょうか？","座っている相手の右側（右後ろ）から、お茶を出すのが一般的なマナーです。

ただし、右側から出すのが難しい場合は左側から出しても構いません。"
76,"握手のマナーとして正しいものはどれでしょうか？","男性は、女性が手を差し出してくるまで待ちましょう。"
77,"コース料理の最中に、ナイフとフォークを八の字にしてお皿の上に置いているのは、何を表しているでしょうか？","お手洗いなどで、食事中に席を外すときには、ナイフとフォークを八の字にして中座することで、「食事の途中である」と表していることになります。"
78,"お辞儀には、「会釈」「敬礼」「最敬礼」の3種類があります。

「最敬礼」をするとき、上体を倒す角度は何度が目安でしょうか？","軽い挨拶に使う「会釈」は15度、基本の挨拶に使う「敬礼」は30度、改まった場で使う「最敬礼」は45度、上体を倒すのが目安です。"
79,"【A：おっしゃる　B：申し上げる　C：お食べになる】

上記の言葉について、正しい組み合わせはどれでしょうか？","「おっしゃる」は相手、「申し上げます」は自分、「お食べになる」は相手が主語になっています。"
80,"ドアのノックの回数として正しいものはどれでしょうか？","ビジネスの場では、ノックは3～4回が正しいとされています。

日本では3回のノックが一般的とされることも多いのですが、世界的に見た場合は4回のノックが適切とされています。

2回のノックはトイレでのノックの回数になるため注意しましょう。"
81,"名刺の渡し方として正しいのはどれでしょうか？","名刺を両手で持って相手に読める向きで渡すのが、正しい名刺の渡し方だとされています。"
82,"相手に名刺を渡す際に、向き以外に意識すると良いことはどれでしょうか？","相手が出した名刺より低い位置から渡すことで、敬意を表すことができるとされています。"
83,"葬式と結婚式の日が重なってしまった場合、どちらを優先すると良いでしょうか？","結婚式などの祝い事の場合は、その場は出席できなくても別の形で埋め合わせができないわけではありません。

しかし、葬式の場合はそうはいきません。

そのため、一般的には葬式を優先する方が良いとされています。"
84,"訪問先でトイレを借りた場合、やってはいけないことはなんでしょうか？","「トイレットペーパーを三角形に折る」という行為は、清掃スタッフが掃除が完了したサインとして行うものです。

ビジネスでの訪問先に限らず、自宅以外でトイレを使った際にトイレットペーパーを三角形に折るのは止めましょう。"
85,"会社の廊下で来客とすれ違いました。この時の挨拶として正しいものはどれでしょうか？","「お疲れ様です」は、社員同士の挨拶として使うのが一般的です。

社外の人に対しては「こんにちは」で問題ないでしょう。"
86,"履歴書を送る際の封筒について正しいものはどれでしょうか？","インターネットで検索をすると「白色の封筒がおすすめ」という情報が出てきます。

これは間違いではありませんが、茶色の封筒を使ってもマナー違反というわけではありません。

採用担当者も多くの場合は、封筒が白色か茶色かなんて気にしないでしょう。

ただし、左下に朱書きで「履歴書在中」と書くのを忘れないようにしましょう。"
87,"医師へ文書を送る際の宛名として最も適切なものはどれでしょうか？","医師に宛てた手紙には、「御机下（ごきか・おんきか）」という言葉がよく使われます。

「先生に直接渡すのは恐れ多いので、机の下に置かせていただきます」という医師を尊敬する気持ちを込めた言葉です。"
88,"上司である鈴木課長宛てに電話がかかってきましたが、今は席を外しています。

この時の対応として正しいものはどれでしょうか？","社内の人間のことを外部の人に言う際には、上司であっても敬称や役職はつけません。

その後、こちらから折り返す旨などを提案できると良いでしょう。"
89,"名刺交換をした相手の名前が珍しく、読めませんでした。

その際の対応として正しいものはどれでしょうか？","名刺交換はお互いの名前を確認するものであるため、名前が読めない時は尋ねてもマナー違反にはなりません。

読めないままにしておいて間違える方が失礼です。

「失礼ですが～」と一言添えて聞きましょう。"
90,"「とっくり」という衣服は、今はなんと呼ばれているでしょうか？","昭和の時代に「とっくり」と呼んでいた衣服は、今は「タートルネック」と呼ばれています。

タートルネック（とっくり）とは、首回りに丸く高いエリをもつ衣類を指す言葉です。

昔は、お酒を入れる「徳利（とっくり）」に形が似ていることから、「とっくり」と呼ばれていました。

現在は、カメ甲羅から首を出している様子にも似ていることから「タートルネック」と呼ばれるようになりました。"
91,"「短パン」という衣服は、今はなんと呼ばれているでしょうか？","昭和の時代に「短パン」と呼んでいた衣服は、今は「ショートパンツ」と呼んでいます。

「ショート」は「短い」という意味なので、そのまま英語にしただけですね。"
92,"「ズボン」は、今はなんと呼ばれているでしょうか？","近年では、「ズボン」のことを「パンツ」と呼ぶようになっています。

下着の「パンツ」呼び名が同じなので、ちょっと紛らわしいような気もしますね。"
93,"「白墨（はくぼく）」は、今はなんと呼ばれているでしょうか？","昔は、チョークのことを「白墨（はくぼく）」と呼んでいた時代がありました。

昔、文字を書く時には筆と墨が使われていたことを考えるとおかしくはないネーミングだったのではないでしょうか。"
94,"「帳面（ちょうめん）」は、今はなんと呼ばれているでしょうか？","昔は、ノートのことを「帳面（ちょうめん）」と呼んでいた時代がありました。

帳面は、「物を書くために、何枚かの紙をとじて作ったもの」という意味であり今でも使われることがある言葉ですが、耳にする機会は少なくなっているでしょう。"
95,"「ズック」は、今はなんと呼ばれているでしょうか？","江戸時代後期、オランダから「ズック生地（厚手の生地）」の洋服が伝わりました。

その生地で靴なども作られたことから、靴のことを「ズック」と呼んでいました。

今でも地域によっては学校で使われる上履きを「ズック」と呼ぶことがあります。"
96,"「襟巻き」は、今はなんと呼ばれているでしょうか？","昔は、マフラーのことを「襟巻き」と呼んでいた時代がありました。

マフラーだけではなく、スカーフなど首に巻くものをまとめて「襟巻き」と呼んでいました。"
97,"「板の間」は、今はなんと呼ばれているでしょうか？","昔の日本の家は畳の部屋ばかりなのが当たり前でしたが、戦後になると木の床の部屋（洋室）の普及が進みました。

床が木の板であることから、しばらくの間は「板の間」と呼ばれていました。"
98,"「大リーグ」は、今はなんと呼ばれているでしょうか？","アメリカでは、メジャーリーグの別名として「ビッグリーグ」という呼び名が使われることがあります。

そのことから、日本では「大リーグ」という呼び名が使われるようになりました。"
99,"「メリケン粉」は、今はなんと呼ばれているでしょうか？","「メリケン」とは、アメリカ人のことです。

昔はアメリカから輸入されてきた小麦粉のことを、メリケン粉と呼んでいました。

今でも関西などの一部地域では小麦粉の別名として「メリケン粉」という名前を使うことがあります。"
100,"「お勝手」は、今はなんと呼ばれているでしょうか？","昔は、キッチン（台所）のことを「お勝手」と呼んでいました。

「お勝手」という呼び方はしなくなりましたが、今でもキッチンから外に通じるドアのことは「勝手口」と呼んでいますね。"
101,"「カツラ」は、今はなんと呼ばれているでしょうか？","「カツラ」という言葉はまだ現在でも使われていますが、「ウィッグ」という言葉が普及してきています。

基本的には同じものですが…

「カツラ」は「毛が少ないのを隠すもの」
「ウィッグ」は「おしゃれ目的で衣服に合わせてつけるもの」
といった使い分けがされています。"
102,"「プータロー」は、今はなんと呼ばれているでしょうか？","昔は、働かない人のことを「プータロー」と呼んでいました。

現在は「Not in Education, Employment, or Training（学校に通わず、働きもせず、職業訓練も受けない）」の頭文字をとって「NEET（ニート）」と呼ぶのが一般的になっています。

ちなみに…定年退職をしている人は、今は仕事をしていなくても「ニート」には当てはまりません。"
103,"「水玉模様」は、今はなんと呼ばれているでしょうか？","「ドット」は、「水玉模様」という意味の英語です。

単純に英語で呼ぶ人が多くなっただけであり、「水玉模様」と呼んでも間違いではありません。"
104,"「迷彩柄」は、今はなんと呼ばれているでしょうか？","迷彩柄は、敵の目を欺くためのカモフラージュ技術です。

現在はファッションとしても人気があるため、ファッションの分野では「カモフラ」と呼ぶことが増えてきています。"
105,"「魔法瓶」は、今はなんと呼ばれているでしょうか？","中に入れた物の温度を一定に保つ「魔法瓶」は、今は「ジャー」または「ポット」と呼ばれています。

「魔法瓶」という言葉も有名ではありますが、現在ではその呼び名に馴染みがない人も増えてきているようです。"
106,"「ジーパン」は、今はなんと呼ばれているでしょうか？","「ジーパン」は、今は「デニム」や「ジーンズ」と呼ばれています。

今どきの若い人達の間では、「ジーパン」という呼び名は古臭いものになってしまっているようです。"
107,"「チャック」は、今はなんと呼ばれているでしょうか？","現在も「チャック」という言葉が全く通じないわけではないかと思いますが、「ファスナー」や「ジッパー」と呼ぶように変わってきています。

小さい子に「静かにするように」と言いたい時つい、「お口にチャック」と言ってしまう人もいるのではないでしょうか。"
108,"「麦わら帽子」は、今はなんと呼ばれているでしょうか？","「麦わら帽子」という呼び名は今でも十分通用しますが、麦わら帽子もお洒落なものが登場するようになり「ストローハット」という呼び名が定着してきています。

「ストロー」と聞くと飲み物を飲む時に使う道具が思い浮かぶかもしれませんが、「麦わら」という意味もあります。"
109,"「ヒョウ柄」は、今はなんと呼ばれているでしょうか？","「ヒョウ柄」という言葉は今でも使われていますが、「ヒョウ柄」を指す新しい言葉として「レオパード」が使われるようになってきました。

レオパードには「ヒョウ」または「ヒョウの毛皮」という意味があります。

ほぼ英語で言い換えただけだと思っても良いでしょう。"
110,"「保母さん」は、今はなんと呼ばれているでしょうか？","保育園の先生は女性が多い印象の仕事ですが、「保母さん」と呼ばれていた時代は女性が多いと言うより、女性しかなれない仕事でした。

後に男性でも就ける仕事になったことで、男性の保育園の先生は「保父さん」と呼ばれるようになりました。

さらに、その後に男女の区別がない「保育士」という名前になりました。"
111,"「衣紋掛け（えもんかけ）」は、今はなんと呼ばれているでしょうか？","「衣紋掛け（えもんかけ）」は、今で言う「ハンガー」のことです。

しかし、「衣紋掛け」という呼び名が完全に消えてしまったわけではなく、和服をかけておくための専用の道具のことを「衣紋掛け」と呼ぶことがあります。"
112,"「肌色」は、今はなんと呼ばれているでしょうか？","肌の色は国や人種によって様々であることから、昔は「肌色」と呼ばれていた色は「うすだいだい色」と呼ばれるようになりました。"
113,"「エアーズロック」は、今はなんと呼ばれているでしょうか？","ウルルは、オーストラリアにある山のように巨大な一枚岩のことです。

観光地として有名ですが、先住民にとっては神聖な場所です。

「エアーズロック」という名前は、その存在をヨーロッパに紹介した旧南オーストラリア植民地総督のヘンリー・エアーズにちなんだものでした。

今は先住民の呼び方である「ウルル」と呼ぶように変わってきています。"
114,"「成人病」は、今はなんと呼ばれているでしょうか？","生活習慣病とは、食事・運動・喫煙・飲酒などの生活習慣が大きく関わっている病気です。

年齢だけではなく、生活習慣が大きく関わっており生活習慣によっては子どもでも発症する可能性があります。

そのようなことから大人だけがかかるというイメージの名前の「成人病」から、「生活習慣病」という名前に変更されました。

糖尿病や腎不全・心疾患などが当てはまります。"
115,"「NHK教育テレビ」は、今はなんと呼ばれているでしょうか？","「Eテレ」の「E」には、英語で教育を意味する「educational（エデュケーショナル）」、放送時間短縮などに取り組んでいることから「ecology（エコロジー）」の意味が込められています。"
116,"「自殺点」は、今はなんと呼ばれているでしょうか？","「オウンゴール」とは、サッカーなどで自分のチームのゴールに入れて相手に点を与えてしまうことです。

「自殺点」という表現は不適切ということで、日本でも英語での呼び方の「own goal」に準じて「オウンゴール」と呼ぶようになりました。"
117,"「ロスタイム」は、今はなんと呼ばれているでしょうか？","「アディショナルタイムとは」、サッカーで「試合が中断された分を延長する時間」のことを指しています。

以前の呼び名である「ロスタイム」が和製英語であったことから、海外に合わせる形で「アディショナルタイム」という呼び方に統一されました。"
118,"「官製はがき」は、今はなんと呼ばれているでしょうか？","郵政事業が民営化されたことで「官」の字は使われなくなり、「郵便はがき」という呼び方に変更されました。"
119,"「シンクロナイズドスイミング」は、今はなんと呼ばれているでしょうか？","曲や人に同調することを意味する「シンクロナイズド」が芸術性を求める演技にふさわしくないことから、「アーティスティックスイミング」という呼び名に変更されました。"
120,"最も危険なマルウエアEmotetの化身とは？
「世界で最も危険」と評されていたEmotetマルウエアが2021年1月、海外の捜査機関によって壊滅させられました。これにより企業は一安心できるかと思われましたが、すでにEmotet以外のマルウエアを使ったサイバー攻撃が活発になっています。

セキュリティー企業などが「Emotetの化身」と表現するマルウエアを次の中から選んでください。","IcedIDを使ったサイバー攻撃が急増しています。米Uptycsは2021年に入ってから3月末までの3カ月間で攻撃に使われた4000件を超える文書ファイルを確認し、1万5000件を超える不正な通信先を特定したとしています。

IcedIDがEmotetの化身といわれる理由は、Emotetと攻撃手法が似ているからです。どちらのマルウエアもパスワード付きの圧縮ファイルにした文書ファイルをメールで送り付け、受信者が文書ファイルに含まれるマクロを実行することで感染することが知られています。"
121,"VT4Browsersで利用するサービスは？
2021年1月下旬から2月上旬にかけて慶応義塾大学や関西学院大学、日本医科大学など複数の国公立・私立大学が、Webブラウザーのプラグイン「VT4Browsers」に関する注意喚起を出しました。セキュリティーツールであるVT4Browsersの利用が機密情報の流出につながったので利用に注意を促すものでした。

VT4Browsersは、Webブラウザー上でマルウエア検査サービスを利用するためのプラグインです。このマルウエア検査サービスとは何でしょうか。","VirusTotalは利用者がアップロードしたファイルをトレンドマイクロや米McAfee（マカフィー）、ロシアKaspersky（カスペルスキー）など70ほどのセキュリティーベンダーのツールで解析した結果を返すサービスです。このアップロードしたファイルはマルウエアの解析などの目的でVirusTotalの会員制専門家コミュニティーで共有されます。

VT4Browsersを有効にしたWebブラウザーでサイトにアクセスすると、そのサイトのファイルなどがVirusTotalに自動でアップデートされます。これが機密情報の流出につながりました。"
122,"国際標準だった暗号方式の脆弱性を見つけたのは誰？
共通鍵暗号方式「OCB2」が2018年、ISOなどの国際標準規格から除外されました。NECの社員が、わずかな計算量でOCB2の暗号文を解読する方法を見つけたからです。

解読方法を見つけた社員はどのような人だったでしょうか。","OCB2は2004年に米国の暗号研究者によって提案された認証暗号技術でした。数学的な安全性証明がエレガントだということで、暗号研究者たちからは高く評価されていました。

NEC入社2年目の研究者はそのOCB2の改良案の安全性を証明しようとしたとき、OCB2そのものの安全性証明が間違っているのではないか思ったそうです。そこから証明の誤りに気づき、わずかな計算量でOCB2の暗号文を解読する方法を見つけました。"
123,"内閣府の個人情報流出の原因は？
内閣府は2021年4月、231人分の個人情報が流出した可能性があると発表しました。利用していたファイル共有ストレージ製品が外部からアクセスできるようになっていたからです。

どうして外部からアクセスできるようになっていたのでしょうか。","内閣府が使用していたソリトンシステムズのファイル共有ストレージ「FileZen」の脆弱性を突かれて、外部からファイルを操作できるようになっていました。"
124,"コロナ感染者の個人情報はどうして流出した？
2020年5月から2021年1月までの間に地方自治体から新型コロナウイルス感染者の個人情報が流出する事件が多数発生しています。発生したのは愛知県や奈良県、福岡県、盛岡市、横浜市、名古屋市、神戸市などです。

個人情報流出の原因はさまざまですが、上に挙げた愛知県や奈良県、福岡県、盛岡市、横浜市、名古屋市、神戸市の流出原因でないものは次のうちどれでしょう。","コロナ感染者の個人情報は本来であれば慎重に取り扱わなければならないはずですが、どの流出も担当者の「うっかりミス」が原因でした。マルウエア感染など、サイバー攻撃がきっかけで流出した事故は確認できていません。"
125,"Emotet壊滅の作戦名は？
海外の複数の捜査機関が2021年1月下旬、猛威を振るっていたマルウエア「Emotet」を共同で壊滅状態にしました。

このときの作戦名にはある昆虫の名前が使われていました。その昆虫とは何でしょうか？","Emotetの壊滅作戦では、Emotetに感染したパソコンに指令を送っていたC＆Cサーバーを特定し、世界中にあったC＆Cサーバーを一斉に押収しました。この作戦名が「Operation LadyBird（てんとう虫作戦）」です。

どうしててんとう虫が使われたかは分かっていません。次のリンクの記事にはてんとう虫作戦のマークが載っています。てんとう虫の背中には、この作戦に参加した国の国旗が黒点の代わりに描かれています。"
126,"ランサムウエアの「二重脅迫型」とは？
感染したコンピュータ内のハードディスクに保存されたファイルを暗号化して、元に戻す情報と引き換えに身代金を要求するマルウエアをランサムウエアと言います。ランサムウエアの中にはデータの暗号化に加えて、別の脅迫で金銭を要求するものがあります。これを「二重脅迫型」と呼びます。

二重脅迫型のランサムウエアはどうやって脅迫するのでしょうか。","二重脅迫型ランサムウエアは「暴露型」とも呼ばれ、感染したコンピュータのデータを暗号化するとともにそのデータを盗んでいきます。身代金を支払わないとデータが戻ってこないばかりかデータを公開されてしまうため、その被害は計り知れないものになります。"
127,"個人情報が流出した東京ガスのサービスは？
東京ガスが2021年1月30日、不正アクセスによって同社が運営するサービスの会員情報に含まれるメールアドレス1万365件が流出したと発表しました。

会員データが流出した同社のサービスとはどんなサービスだったでしょうか？","東京ガスは男性のキャラクターが癒やしと効果的な入浴方法の情報を伝えるスマートフォン向け恋愛ゲーム「ふろ恋 私だけの入浴執事」を提供していました。不正アクセスにより、この会員データが流出しました。"
128,"ランサムウエア被害のカプコンの侵入口はどこ？
カプコンは2021年4月13日、2020年11月に受けた不正アクセス被害の調査結果を発表しました。同社は二重脅迫型ランサムウエアの被害に遭っていました。

調査結果によれば、攻撃の侵入口が特定できたそうです。それは何だったでしょうか？","攻撃の侵入口はVPN装置でした。コロナ禍においてテレワーク勤務を推進していた同社は、急増したVPN利用者に対応するため緊急対応で旧型のVPN装置を利用したことが被害につながりました。"
129,"フィッシングサイトに使われるのはどこの証明書？
安心できるWebサイトを運用するために欠かせないTLS／SSLサーバー証明書は、アクセスした人をだますために設置されたフィッシングサイトにも利用されています。サーバー証明書を利用していないWebサイトにアクセスしようとすると、Webブラウザーが警告を表示するようになったからです。

多くのフィッシングサイトでは無料で発行されるサーバー証明書を利用しています。その発行元はどこでしょうか？","サーバー証明書の発行には費用がかかるのが一般的です。しかし、米Internet Security Research Groupが運営する「Let's Encrypt（レッツエンクリプト）」は、暗号化通信の普及のために米Cisco Systems（シスコシステムズ）や米Facebook（フェイスブック）、米Amazon Web Services（アマゾン・ウェブ・サービス）、米IBMなど大手IT企業がスポンサーになっているため、無料で発行しています。皮肉なことに、フィッシングサイトにも無料で発行されたLet's Encryptのサーバー証明書が使われています。"
